dataset,method,probe,variance,correlation,p_value,rf_importance_impute,rf_importance_drop,range,prop_above_0.8,prop_below_0.2,aggregate_score,cluster_label,source,test_done
pcawg_prim_window,var_1,cg00840341,0.0476569631719982,,,,,,,,,,pcawg,primary_window
pcawg_prim_window,var_1,cg13363969,0.0439062350538032,,,,,,,,,,pcawg,primary_window
pcawg_prim_window,var_1,cg15992272,0.043532661949997,,,,,,,,,,pcawg,primary_window
pcawg_prim_window,var_1,cg15618210,0.0434858124293425,,,,,,,,,,pcawg,primary_window
pcawg_prim_window,var_1,cg08566882,0.0432574098491805,,,,,,,,,,pcawg,primary_window
pcawg_prim_window,var_1,cg22521539,0.0429108274555489,,,,,,,,,,pcawg,primary_window
pcawg_prim_window,var_1,cg11316100,0.0425131387468521,,,,,,,,,,pcawg,primary_window
pcawg_prim_window,var_1,cg13411311,0.0412607358780777,,,,,,,,,,pcawg,primary_window
pcawg_prim_window,var_1,cg18753619,0.0412225866106027,,,,,,,,,,pcawg,primary_window
pcawg_prim_window,var_1,cg16537371,0.0409309167966498,,,,,,,,,,pcawg,primary_window
pcawg_prim_window,corr_2,cg26315261,,0.4838548671333494,,,,,,,,,pcawg,primary_window
pcawg_prim_window,corr_2,cg16032841,,0.4597927457432312,,,,,,,,,pcawg,primary_window
pcawg_prim_window,corr_2,cg11316100,,0.4423694927160226,,,,,,,,,pcawg,primary_window
pcawg_prim_window,corr_2,cg09117405,,0.401074295153454,,,,,,,,,pcawg,primary_window
pcawg_prim_window,corr_2,cg09882550,,0.3986210762235861,,,,,,,,,pcawg,primary_window
pcawg_prim_window,corr_2,cg25440497,,0.392350393113055,,,,,,,,,pcawg,primary_window
pcawg_prim_window,corr_2,cg25599573,,0.3871076601793853,,,,,,,,,pcawg,primary_window
pcawg_prim_window,corr_2,cg08645400,,0.3864579863227175,,,,,,,,,pcawg,primary_window
pcawg_prim_window,corr_2,cg05807849,,0.3829976331638964,,,,,,,,,pcawg,primary_window
pcawg_prim_window,corr_2,cg10335834,,0.3816650014702089,,,,,,,,,pcawg,primary_window
pcawg_prim_window,anova_3,cg26315261,,,2.535374316666253e-09,,,,,,,,pcawg,primary_window
pcawg_prim_window,anova_3,cg11316100,,,3.067371843282503e-09,,,,,,,,pcawg,primary_window
pcawg_prim_window,anova_3,cg09882550,,,1.4355723293425796e-08,,,,,,,,pcawg,primary_window
pcawg_prim_window,anova_3,cg25440497,,,8.162328726430989e-08,,,,,,,,pcawg,primary_window
pcawg_prim_window,anova_3,cg15103584,,,1.5127300233700557e-07,,,,,,,,pcawg,primary_window
pcawg_prim_window,anova_3,cg09117405,,,1.519137843728186e-07,,,,,,,,pcawg,primary_window
pcawg_prim_window,anova_3,cg21538216,,,2.162859375858685e-07,,,,,,,,pcawg,primary_window
pcawg_prim_window,anova_3,cg10579818,,,2.1636297106599193e-07,,,,,,,,pcawg,primary_window
pcawg_prim_window,anova_3,cg27134139,,,3.0291654519200117e-07,,,,,,,,pcawg,primary_window
pcawg_prim_window,anova_3,cg08645400,,,4.727616959196294e-07,,,,,,,,pcawg,primary_window
pcawg_prim_window,rf_impute_4a,cg16032841,,,,0.0900060752609619,,,,,,,pcawg,primary_window
pcawg_prim_window,rf_impute_4a,cg09882550,,,,0.0595018381515545,,,,,,,pcawg,primary_window
pcawg_prim_window,rf_impute_4a,cg26315261,,,,0.0520596710609532,,,,,,,pcawg,primary_window
pcawg_prim_window,rf_impute_4a,cg09117405,,,,0.0301601092673591,,,,,,,pcawg,primary_window
pcawg_prim_window,rf_impute_4a,cg24222995,,,,0.0273148431890691,,,,,,,pcawg,primary_window
pcawg_prim_window,rf_impute_4a,cg11316100,,,,0.0213113283850047,,,,,,,pcawg,primary_window
pcawg_prim_window,rf_impute_4a,cg17278355,,,,0.0186891148422099,,,,,,,pcawg,primary_window
pcawg_prim_window,rf_impute_4a,cg08327371,,,,0.0181274303949916,,,,,,,pcawg,primary_window
pcawg_prim_window,rf_impute_4a,cg08645400,,,,0.0160575281023851,,,,,,,pcawg,primary_window
pcawg_prim_window,rf_impute_4a,cg05807849,,,,0.0139390820545268,,,,,,,pcawg,primary_window
pcawg_prim_window,rf_drop_4b,cg09882550,,,,,0.1142960400263344,,,,,,pcawg,primary_window
pcawg_prim_window,rf_drop_4b,cg26315261,,,,,0.0842665749425115,,,,,,pcawg,primary_window
pcawg_prim_window,rf_drop_4b,cg11316100,,,,,0.0433794280500932,,,,,,pcawg,primary_window
pcawg_prim_window,rf_drop_4b,cg16032841,,,,,0.041056372147775,,,,,,pcawg,primary_window
pcawg_prim_window,rf_drop_4b,cg24222995,,,,,0.0377547701191246,,,,,,pcawg,primary_window
pcawg_prim_window,rf_drop_4b,cg09117405,,,,,0.0224942997654361,,,,,,pcawg,primary_window
pcawg_prim_window,rf_drop_4b,cg27004243,,,,,0.0190245392052258,,,,,,pcawg,primary_window
pcawg_prim_window,rf_drop_4b,cg27212232,,,,,0.0180325039798391,,,,,,pcawg,primary_window
pcawg_prim_window,rf_drop_4b,cg08645400,,,,,0.0122804204825407,,,,,,pcawg,primary_window
pcawg_prim_window,rf_drop_4b,cg26581448,,,,,0.0107387303334361,,,,,,pcawg,primary_window
pcawg_prim_window,common_5,cg08327371,,,,,,,,,,,pcawg,primary_window
pcawg_prim_window,common_5,cg27086014,,,,,,,,,,,pcawg,primary_window
pcawg_prim_window,combined_6,cg26315261,0.032014837549802,,6.804405278510955e-11,,,,,,,,pcawg,primary_window
pcawg_prim_window,combined_6,cg11316100,0.0425131387468521,,7.265811358414746e-10,,,,,,,,pcawg,primary_window
pcawg_prim_window,combined_6,cg05807849,0.0334074266315193,,1.729702190792536e-08,,,,,,,,pcawg,primary_window
pcawg_prim_window,combined_6,cg16032841,0.032327539467575,,3.70682172305348e-08,,,,,,,,pcawg,primary_window
pcawg_prim_window,combined_6,cg10579818,0.0388743187841879,,4.453411139099063e-08,,,,,,,,pcawg,primary_window
pcawg_prim_window,combined_6,cg08645400,0.0383859657158274,,5.8718518529564446e-08,,,,,,,,pcawg,primary_window
pcawg_prim_window,combined_6,cg25599573,0.0377493882481241,,1.6344351395805977e-07,,,,,,,,pcawg,primary_window
pcawg_prim_window,combined_6,cg18753619,0.0412225866106027,,1.8886029271739547e-07,,,,,,,,pcawg,primary_window
pcawg_prim_window,combined_6,cg16537371,0.0409309167966498,,3.64834892545318e-07,,,,,,,,pcawg,primary_window
pcawg_prim_window,combined_6,cg13411311,0.0412607358780777,,5.966253839193535e-07,,,,,,,,pcawg,primary_window
pcawg_prim_window,cluster_7,cg22521539,,,,,,,,,,0.0,pcawg,primary_window
pcawg_prim_window,cluster_7,cg01907761,,,,,,,,,,1.0,pcawg,primary_window
pcawg_prim_window,cluster_7,cg08264481,,,,,,,,,,2.0,pcawg,primary_window
pcawg_prim_window,cluster_7,cg13624833,,,,,,,,,,3.0,pcawg,primary_window
pcawg_prim_window,cluster_7,cg23385492,,,,,,,,,,4.0,pcawg,primary_window
pcawg_prim_window,cluster_7,cg16182932,,,,,,,,,,5.0,pcawg,primary_window
pcawg_prim_window,cluster_7,cg26233914,,,,,,,,,,6.0,pcawg,primary_window
pcawg_prim_window,cluster_7,cg04335207,,,,,,,,,,7.0,pcawg,primary_window
pcawg_prim_window,cluster_7,cg22596049,,,,,,,,,,8.0,pcawg,primary_window
pcawg_prim_window,cluster_7,cg18469270,,,,,,,,,,9.0,pcawg,primary_window
pcawg_prim_window,range_8,cg13512032,,,,,,0.840239929543807,,,,,pcawg,primary_window
pcawg_prim_window,range_8,cg11660146,,,,,,0.831576895635769,,,,,pcawg,primary_window
pcawg_prim_window,range_8,cg27004243,,,,,,0.82654135,,,,,pcawg,primary_window
pcawg_prim_window,range_8,cg00840341,,,,,,0.8253566967647655,,,,,pcawg,primary_window
pcawg_prim_window,range_8,cg20575856,,,,,,0.82244109,,,,,pcawg,primary_window
pcawg_prim_window,range_8,cg06832258,,,,,,0.82140744,,,,,pcawg,primary_window
pcawg_prim_window,range_8,cg08566882,,,,,,0.81737197,,,,,pcawg,primary_window
pcawg_prim_window,range_8,cg06638935,,,,,,0.81453825,,,,,pcawg,primary_window
pcawg_prim_window,range_8,cg15618210,,,,,,0.80889793,,,,,pcawg,primary_window
pcawg_prim_window,range_8,cg04244985,,,,,,0.8088536819152119,,,,,pcawg,primary_window
pcawg_prim_window,diffmeth_10,cg11316100,,,1.6816212865164291e-09,,,,,,,,pcawg,primary_window
pcawg_prim_window,diffmeth_10,cg26315261,,,3.165865294022731e-09,,,,,,,,pcawg,primary_window
pcawg_prim_window,diffmeth_10,cg09882550,,,6.082255846067676e-08,,,,,,,,pcawg,primary_window
pcawg_prim_window,diffmeth_10,cg09117405,,,5.067040063427147e-07,,,,,,,,pcawg,primary_window
pcawg_prim_window,diffmeth_10,cg25440497,,,8.092777626794054e-07,,,,,,,,pcawg,primary_window
pcawg_prim_window,diffmeth_10,cg21538216,,,8.316163779833146e-07,,,,,,,,pcawg,primary_window
pcawg_prim_window,diffmeth_10,cg16032841,,,1.5364220841215044e-06,,,,,,,,pcawg,primary_window
pcawg_prim_window,diffmeth_10,cg10579818,,,1.5772869960147873e-06,,,,,,,,pcawg,primary_window
pcawg_prim_window,diffmeth_10,cg18753619,,,1.7098404866607084e-06,,,,,,,,pcawg,primary_window
pcawg_prim_window,diffmeth_10,cg07486666,,,2.0696592410688783e-06,,,,,,,,pcawg,primary_window
pcawg_prim_window,aggregate_11,cg11316100,0.0425131387468521,0.4423694927160226,3.067371843282503e-09,,,0.7445347877621324,,,0.910879574707232,,pcawg,primary_window
pcawg_prim_window,aggregate_11,cg26315261,0.032014837549802,0.4838548671333494,2.535374316666253e-09,,,0.7678658,,,0.8847417808371651,,pcawg,primary_window
pcawg_prim_window,aggregate_11,cg08645400,0.0383859657158274,0.3864579863227175,4.727616959196294e-07,,,0.795858247606413,,,0.8805557415878004,,pcawg,primary_window
pcawg_prim_window,aggregate_11,cg25599573,0.0377493882481241,0.3871076601793853,6.162678022498479e-06,,,0.8018965699999999,,,0.8796918909945605,,pcawg,primary_window
pcawg_prim_window,aggregate_11,cg18753619,0.0412225866106027,0.347622046901709,6.58615676845099e-07,,,0.8032878835029289,,,0.8789610385995174,,pcawg,primary_window
pcawg_prim_window,aggregate_11,cg00840341,0.0476569631719982,0.2644997229813432,0.0001167270453945,,,0.8253566967647655,,,0.8755667081089515,,pcawg,primary_window
pcawg_prim_window,aggregate_11,cg16032841,0.032327539467575,0.4597927457432312,6.609949306913292e-07,,,0.7626209965909719,,,0.8717795714734126,,pcawg,primary_window
pcawg_prim_window,aggregate_11,cg13363969,0.0439062350538032,0.3319848907267433,3.4139690790515297e-06,,,0.7668201246448875,,,0.8703228525003408,,pcawg,primary_window
pcawg_prim_window,aggregate_11,cg10579818,0.0388743187841879,0.3657254057398165,2.1636297106599193e-07,,,0.776892043307981,,,0.8646448240586643,,pcawg,primary_window
pcawg_prim_window,aggregate_11,cg13411311,0.0412607358780777,0.3351943904190624,9.60392902951457e-07,,,0.7718281825976759,,,0.8597158226436891,,pcawg,primary_window
pcawg_sith_corr,var_1,cg07501029,0.0841619137103548,,,,,,,,,,pcawg,sith_correlation
pcawg_sith_corr,var_1,cg16471877,0.0807512891907463,,,,,,,,,,pcawg,sith_correlation
pcawg_sith_corr,var_1,cg27083089,0.0783442302008768,,,,,,,,,,pcawg,sith_correlation
pcawg_sith_corr,var_1,cg17178900,0.0727744976362653,,,,,,,,,,pcawg,sith_correlation
pcawg_sith_corr,var_1,cg06358671,0.0722619770957563,,,,,,,,,,pcawg,sith_correlation
pcawg_sith_corr,var_1,cg25601713,0.0715089558443092,,,,,,,,,,pcawg,sith_correlation
pcawg_sith_corr,var_1,cg26354017,0.0668999541268037,,,,,,,,,,pcawg,sith_correlation
pcawg_sith_corr,var_1,cg14159672,0.0627074023365326,,,,,,,,,,pcawg,sith_correlation
pcawg_sith_corr,var_1,cg00013655,0.0584618910189373,,,,,,,,,,pcawg,sith_correlation
pcawg_sith_corr,var_1,cg11965913,0.055144584264273,,,,,,,,,,pcawg,sith_correlation
pcawg_sith_corr,corr_2,cg02386822,,0.4246339653244154,,,,,,,,,pcawg,sith_correlation
pcawg_sith_corr,corr_2,cg02608963,,-0.423939625735155,,,,,,,,,pcawg,sith_correlation
pcawg_sith_corr,corr_2,cg12255995,,0.4137329143763152,,,,,,,,,pcawg,sith_correlation
pcawg_sith_corr,corr_2,cg12164232,,0.4135329012359089,,,,,,,,,pcawg,sith_correlation
pcawg_sith_corr,corr_2,cg12640109,,0.4045550832731735,,,,,,,,,pcawg,sith_correlation
pcawg_sith_corr,corr_2,cg19135406,,0.3688052643143814,,,,,,,,,pcawg,sith_correlation
pcawg_sith_corr,corr_2,cg16320159,,-0.3666458449128385,,,,,,,,,pcawg,sith_correlation
pcawg_sith_corr,corr_2,cg23691894,,-0.3637922723544894,,,,,,,,,pcawg,sith_correlation
pcawg_sith_corr,corr_2,cg25161912,,0.3554893596064257,,,,,,,,,pcawg,sith_correlation
pcawg_sith_corr,corr_2,cg11654813,,-0.352803432915578,,,,,,,,,pcawg,sith_correlation
pcawg_sith_corr,anova_3,cg12164232,,,2.994939292367745e-12,,,,,,,,pcawg,sith_correlation
pcawg_sith_corr,anova_3,cg12255995,,,5.1180550026119014e-09,,,,,,,,pcawg,sith_correlation
pcawg_sith_corr,anova_3,cg02386822,,,2.2349567345379533e-08,,,,,,,,pcawg,sith_correlation
pcawg_sith_corr,anova_3,cg19135406,,,1.4883255367253809e-07,,,,,,,,pcawg,sith_correlation
pcawg_sith_corr,anova_3,cg23268197,,,5.25384123403002e-07,,,,,,,,pcawg,sith_correlation
pcawg_sith_corr,anova_3,cg12894371,,,8.596444427313854e-07,,,,,,,,pcawg,sith_correlation
pcawg_sith_corr,anova_3,cg16401270,,,1.2730039240609967e-06,,,,,,,,pcawg,sith_correlation
pcawg_sith_corr,anova_3,cg12640109,,,2.7985756085365283e-06,,,,,,,,pcawg,sith_correlation
pcawg_sith_corr,anova_3,cg25161912,,,3.149597089853463e-06,,,,,,,,pcawg,sith_correlation
pcawg_sith_corr,anova_3,cg02608963,,,3.3589669551195384e-06,,,,,,,,pcawg,sith_correlation
pcawg_sith_corr,rf_impute_4a,cg02386822,,,,0.0962457797129253,,,,,,,pcawg,sith_correlation
pcawg_sith_corr,rf_impute_4a,cg12164232,,,,0.0961000538188747,,,,,,,pcawg,sith_correlation
pcawg_sith_corr,rf_impute_4a,cg12640109,,,,0.0516827384385609,,,,,,,pcawg,sith_correlation
pcawg_sith_corr,rf_impute_4a,cg04454285,,,,0.0391261680665829,,,,,,,pcawg,sith_correlation
pcawg_sith_corr,rf_impute_4a,cg02608963,,,,0.0270995050628114,,,,,,,pcawg,sith_correlation
pcawg_sith_corr,rf_impute_4a,cg19802477,,,,0.0208372317020369,,,,,,,pcawg,sith_correlation
pcawg_sith_corr,rf_impute_4a,cg00590029,,,,0.0183320400205927,,,,,,,pcawg,sith_correlation
pcawg_sith_corr,rf_impute_4a,cg19135406,,,,0.0169557472593719,,,,,,,pcawg,sith_correlation
pcawg_sith_corr,rf_impute_4a,cg27616751,,,,0.0135733015541515,,,,,,,pcawg,sith_correlation
pcawg_sith_corr,rf_impute_4a,cg25494992,,,,0.0132555820957974,,,,,,,pcawg,sith_correlation
pcawg_sith_corr,rf_drop_4b,cg12164232,,,,,0.2027079103595812,,,,,,pcawg,sith_correlation
pcawg_sith_corr,rf_drop_4b,cg02386822,,,,,0.0748821384160579,,,,,,pcawg,sith_correlation
pcawg_sith_corr,rf_drop_4b,cg04454285,,,,,0.0510632438891643,,,,,,pcawg,sith_correlation
pcawg_sith_corr,rf_drop_4b,cg12255995,,,,,0.0499763090267585,,,,,,pcawg,sith_correlation
pcawg_sith_corr,rf_drop_4b,cg02460141,,,,,0.0289236538614087,,,,,,pcawg,sith_correlation
pcawg_sith_corr,rf_drop_4b,cg23691894,,,,,0.0257170688445109,,,,,,pcawg,sith_correlation
pcawg_sith_corr,rf_drop_4b,cg12894371,,,,,0.0236544073918124,,,,,,pcawg,sith_correlation
pcawg_sith_corr,rf_drop_4b,cg27616751,,,,,0.0175935783031378,,,,,,pcawg,sith_correlation
pcawg_sith_corr,rf_drop_4b,cg11654813,,,,,0.0158990941521883,,,,,,pcawg,sith_correlation
pcawg_sith_corr,rf_drop_4b,cg01381846,,,,,0.0131410508314635,,,,,,pcawg,sith_correlation
pcawg_sith_corr,common_5,cg00870279,,,,,,,,,,,pcawg,sith_correlation
pcawg_sith_corr,common_5,cg01842321,,,,,,,,,,,pcawg,sith_correlation
pcawg_sith_corr,common_5,cg01861555,,,,,,,,,,,pcawg,sith_correlation
pcawg_sith_corr,common_5,cg06805320,,,,,,,,,,,pcawg,sith_correlation
pcawg_sith_corr,common_5,cg07235253,,,,,,,,,,,pcawg,sith_correlation
pcawg_sith_corr,common_5,cg08327371,,,,,,,,,,,pcawg,sith_correlation
pcawg_sith_corr,common_5,cg08598483,,,,,,,,,,,pcawg,sith_correlation
pcawg_sith_corr,common_5,cg10982913,,,,,,,,,,,pcawg,sith_correlation
pcawg_sith_corr,common_5,cg12164232,,,,,,,,,,,pcawg,sith_correlation
pcawg_sith_corr,common_5,cg14387626,,,,,,,,,,,pcawg,sith_correlation
pcawg_sith_corr,common_5,cg16338877,,,,,,,,,,,pcawg,sith_correlation
pcawg_sith_corr,common_5,cg16401270,,,,,,,,,,,pcawg,sith_correlation
pcawg_sith_corr,common_5,cg17163967,,,,,,,,,,,pcawg,sith_correlation
pcawg_sith_corr,common_5,cg21142743,,,,,,,,,,,pcawg,sith_correlation
pcawg_sith_corr,common_5,cg27086014,,,,,,,,,,,pcawg,sith_correlation
pcawg_sith_corr,combined_6,cg12255995,0.0392706372379806,,1.321723953393948e-09,,,,,,,,pcawg,sith_correlation
pcawg_sith_corr,combined_6,cg21007852,0.0338174755520151,,1.0371832145087516e-06,,,,,,,,pcawg,sith_correlation
pcawg_sith_corr,combined_6,cg08971667,0.0348711018637451,,3.936894333582673e-06,,,,,,,,pcawg,sith_correlation
pcawg_sith_corr,combined_6,cg01381846,0.0379526530078652,,1.4315387090177043e-05,,,,,,,,pcawg,sith_correlation
pcawg_sith_corr,combined_6,cg10947611,0.0385961000083339,,1.732588465560186e-05,,,,,,,,pcawg,sith_correlation
pcawg_sith_corr,combined_6,cg23691894,0.0430686229638734,,5.501406007120436e-05,,,,,,,,pcawg,sith_correlation
pcawg_sith_corr,combined_6,cg27086014,0.0403596320752386,,0.0001476732521162,,,,,,,,pcawg,sith_correlation
pcawg_sith_corr,combined_6,cg16320159,0.0382175450877392,,0.0004132239118682,,,,,,,,pcawg,sith_correlation
pcawg_sith_corr,combined_6,cg19734465,0.0328751455751531,,0.0005795185996092,,,,,,,,pcawg,sith_correlation
pcawg_sith_corr,combined_6,cg19787532,0.0329816745261109,,0.0014225756654398,,,,,,,,pcawg,sith_correlation
pcawg_sith_corr,cluster_7,cg02365780,,,,,,,,,,0.0,pcawg,sith_correlation
pcawg_sith_corr,cluster_7,cg08875433,,,,,,,,,,1.0,pcawg,sith_correlation
pcawg_sith_corr,cluster_7,cg00148114,,,,,,,,,,2.0,pcawg,sith_correlation
pcawg_sith_corr,cluster_7,cg10947611,,,,,,,,,,3.0,pcawg,sith_correlation
pcawg_sith_corr,cluster_7,cg18507732,,,,,,,,,,4.0,pcawg,sith_correlation
pcawg_sith_corr,cluster_7,cg24503407,,,,,,,,,,5.0,pcawg,sith_correlation
pcawg_sith_corr,cluster_7,cg18926212,,,,,,,,,,6.0,pcawg,sith_correlation
pcawg_sith_corr,cluster_7,cg08564601,,,,,,,,,,7.0,pcawg,sith_correlation
pcawg_sith_corr,cluster_7,cg15579816,,,,,,,,,,8.0,pcawg,sith_correlation
pcawg_sith_corr,cluster_7,cg00155314,,,,,,,,,,9.0,pcawg,sith_correlation
pcawg_sith_corr,range_8,cg03108070,,,,,,0.9633410771787636,,,,,pcawg,sith_correlation
pcawg_sith_corr,range_8,cg26354017,,,,,,0.9535390272505052,,,,,pcawg,sith_correlation
pcawg_sith_corr,range_8,cg17178900,,,,,,0.9318359471576608,,,,,pcawg,sith_correlation
pcawg_sith_corr,range_8,cg16471877,,,,,,0.920901443077705,,,,,pcawg,sith_correlation
pcawg_sith_corr,range_8,cg14159672,,,,,,0.9183244476171152,,,,,pcawg,sith_correlation
pcawg_sith_corr,range_8,cg07501029,,,,,,0.914628753350582,,,,,pcawg,sith_correlation
pcawg_sith_corr,range_8,cg06753439,,,,,,0.8946917728086216,,,,,pcawg,sith_correlation
pcawg_sith_corr,range_8,cg27083089,,,,,,0.889032922191788,,,,,pcawg,sith_correlation
pcawg_sith_corr,range_8,cg24581226,,,,,,0.8834757658674179,,,,,pcawg,sith_correlation
pcawg_sith_corr,range_8,cg06358671,,,,,,0.8723951335987769,,,,,pcawg,sith_correlation
pcawg_sith_corr,diffmeth_10,cg12164232,,,8.201488525713094e-13,,,,,,,,pcawg,sith_correlation
pcawg_sith_corr,diffmeth_10,cg12255995,,,7.392633092926697e-10,,,,,,,,pcawg,sith_correlation
pcawg_sith_corr,diffmeth_10,cg02386822,,,3.726401202225772e-09,,,,,,,,pcawg,sith_correlation
pcawg_sith_corr,diffmeth_10,cg19135406,,,1.0322126227990969e-07,,,,,,,,pcawg,sith_correlation
pcawg_sith_corr,diffmeth_10,cg12640109,,,4.091200496982846e-07,,,,,,,,pcawg,sith_correlation
pcawg_sith_corr,diffmeth_10,cg16401270,,,4.851446871113231e-07,,,,,,,,pcawg,sith_correlation
pcawg_sith_corr,diffmeth_10,cg12894371,,,4.870534962592054e-07,,,,,,,,pcawg,sith_correlation
pcawg_sith_corr,diffmeth_10,cg25161912,,,7.630487930104955e-07,,,,,,,,pcawg,sith_correlation
pcawg_sith_corr,diffmeth_10,cg02608963,,,8.808031521061709e-07,,,,,,,,pcawg,sith_correlation
pcawg_sith_corr,diffmeth_10,cg23364711,,,3.2882361958983134e-06,,,,,,,,pcawg,sith_correlation
pcawg_sith_corr,aggregate_11,cg06358671,0.0722619770957563,0.2481210901427007,0.0110236441682181,,,0.8723951335987769,,,0.8207952327440549,,pcawg,sith_correlation
pcawg_sith_corr,aggregate_11,cg07501029,0.0841619137103548,0.1482673386918228,0.0505988714524647,,,0.914628753350582,,,0.8049929633950512,,pcawg,sith_correlation
pcawg_sith_corr,aggregate_11,cg12255995,0.0392706372379806,0.4137329143763152,5.1180550026119014e-09,,,0.8050070899999999,,,0.7939279892576094,,pcawg,sith_correlation
pcawg_sith_corr,aggregate_11,cg23691894,0.0430686229638734,0.3637922723544894,6.666279032464257e-05,,,0.841472915657669,,,0.7905527838403166,,pcawg,sith_correlation
pcawg_sith_corr,aggregate_11,cg15576730,0.0398050389172588,0.3514922727825167,0.0026864016462802,,,0.852601447119938,,,0.7771367094661493,,pcawg,sith_correlation
pcawg_sith_corr,aggregate_11,cg16320159,0.0382175450877392,0.3666458449128385,0.0012035783650757,,,0.800048631362752,,,0.7606988047727297,,pcawg,sith_correlation
pcawg_sith_corr,aggregate_11,cg02608963,0.0253349730731897,0.423939625735155,3.3589669551195384e-06,,,0.7643576364508909,,,0.7413473521460918,,pcawg,sith_correlation
pcawg_sith_corr,aggregate_11,cg10947611,0.0385961000083339,0.347701413126766,0.0001966380846684,,,0.762968940318332,,,0.7361890244296827,,pcawg,sith_correlation
pcawg_sith_corr,aggregate_11,cg12164232,0.0256963644967832,0.4135329012359089,2.994939292367745e-12,,,0.7547631395112254,,,0.7324985759656656,,pcawg,sith_correlation
pcawg_sith_corr,aggregate_11,cg02120433,0.0307745727642421,0.3492009799319023,0.0009142954912046,,,0.78943312,,,0.7236116610328946,,pcawg,sith_correlation
pcawg_iqr_corr,var_1,cg15828613,0.094448490543707,,,,,,,,,,pcawg,int_iqr_correlation
pcawg_iqr_corr,var_1,cg25830696,0.0602883697332986,,,,,,,,,,pcawg,int_iqr_correlation
pcawg_iqr_corr,var_1,cg25383323,0.0495082457496212,,,,,,,,,,pcawg,int_iqr_correlation
pcawg_iqr_corr,var_1,cg16897193,0.0492418042490781,,,,,,,,,,pcawg,int_iqr_correlation
pcawg_iqr_corr,var_1,cg00807871,0.0488655321136596,,,,,,,,,,pcawg,int_iqr_correlation
pcawg_iqr_corr,var_1,cg08861369,0.0480590763004548,,,,,,,,,,pcawg,int_iqr_correlation
pcawg_iqr_corr,var_1,cg03895404,0.0478582250557796,,,,,,,,,,pcawg,int_iqr_correlation
pcawg_iqr_corr,var_1,cg00803453,0.0468618940735157,,,,,,,,,,pcawg,int_iqr_correlation
pcawg_iqr_corr,var_1,cg19295951,0.046240225095289,,,,,,,,,,pcawg,int_iqr_correlation
pcawg_iqr_corr,var_1,cg26674943,0.0456444705187225,,,,,,,,,,pcawg,int_iqr_correlation
pcawg_iqr_corr,corr_2,cg07584855,,-0.5053383984688036,,,,,,,,,pcawg,int_iqr_correlation
pcawg_iqr_corr,corr_2,cg14166284,,-0.4896552320879879,,,,,,,,,pcawg,int_iqr_correlation
pcawg_iqr_corr,corr_2,cg11564601,,0.4718396859613177,,,,,,,,,pcawg,int_iqr_correlation
pcawg_iqr_corr,corr_2,cg17833037,,0.4522078961549175,,,,,,,,,pcawg,int_iqr_correlation
pcawg_iqr_corr,corr_2,cg23882019,,0.4441665976840458,,,,,,,,,pcawg,int_iqr_correlation
pcawg_iqr_corr,corr_2,cg05740418,,0.4223256325348566,,,,,,,,,pcawg,int_iqr_correlation
pcawg_iqr_corr,corr_2,cg00686823,,0.4204080472390229,,,,,,,,,pcawg,int_iqr_correlation
pcawg_iqr_corr,corr_2,cg17850597,,0.4177622231358056,,,,,,,,,pcawg,int_iqr_correlation
pcawg_iqr_corr,corr_2,cg12164232,,0.4135329012359091,,,,,,,,,pcawg,int_iqr_correlation
pcawg_iqr_corr,corr_2,cg03895404,,0.4100160110698512,,,,,,,,,pcawg,int_iqr_correlation
pcawg_iqr_corr,anova_3,cg12164232,,,8.130570780358825e-08,,,,,,,,pcawg,int_iqr_correlation
pcawg_iqr_corr,anova_3,cg17833037,,,4.338215851638936e-06,,,,,,,,pcawg,int_iqr_correlation
pcawg_iqr_corr,anova_3,cg23882019,,,4.549185073319675e-06,,,,,,,,pcawg,int_iqr_correlation
pcawg_iqr_corr,anova_3,cg11564601,,,2.1967359168295123e-05,,,,,,,,pcawg,int_iqr_correlation
pcawg_iqr_corr,anova_3,cg07475178,,,3.46400853906389e-05,,,,,,,,pcawg,int_iqr_correlation
pcawg_iqr_corr,anova_3,cg08328777,,,3.8458293770036695e-05,,,,,,,,pcawg,int_iqr_correlation
pcawg_iqr_corr,anova_3,cg03895404,,,4.601350647571898e-05,,,,,,,,pcawg,int_iqr_correlation
pcawg_iqr_corr,anova_3,cg19295951,,,7.236034472497805e-05,,,,,,,,pcawg,int_iqr_correlation
pcawg_iqr_corr,anova_3,cg16338877,,,7.356058364150961e-05,,,,,,,,pcawg,int_iqr_correlation
pcawg_iqr_corr,anova_3,cg03463523,,,8.016194485403757e-05,,,,,,,,pcawg,int_iqr_correlation
pcawg_iqr_corr,rf_impute_4a,cg11564601,,,,0.0654333689961134,,,,,,,pcawg,int_iqr_correlation
pcawg_iqr_corr,rf_impute_4a,cg14166284,,,,0.0651720888605603,,,,,,,pcawg,int_iqr_correlation
pcawg_iqr_corr,rf_impute_4a,cg17833037,,,,0.0601085466174852,,,,,,,pcawg,int_iqr_correlation
pcawg_iqr_corr,rf_impute_4a,cg12164232,,,,0.0579760726022915,,,,,,,pcawg,int_iqr_correlation
pcawg_iqr_corr,rf_impute_4a,cg07584855,,,,0.0438347835497725,,,,,,,pcawg,int_iqr_correlation
pcawg_iqr_corr,rf_impute_4a,cg07475178,,,,0.036790842482165,,,,,,,pcawg,int_iqr_correlation
pcawg_iqr_corr,rf_impute_4a,cg03463523,,,,0.032376266182936,,,,,,,pcawg,int_iqr_correlation
pcawg_iqr_corr,rf_impute_4a,cg06422471,,,,0.0208229963438319,,,,,,,pcawg,int_iqr_correlation
pcawg_iqr_corr,rf_impute_4a,cg14333779,,,,0.0153293781954487,,,,,,,pcawg,int_iqr_correlation
pcawg_iqr_corr,rf_impute_4a,cg17850597,,,,0.0127389263997116,,,,,,,pcawg,int_iqr_correlation
pcawg_iqr_corr,rf_drop_4b,cg11564601,,,,,0.2011361612238902,,,,,,pcawg,int_iqr_correlation
pcawg_iqr_corr,rf_drop_4b,cg12164232,,,,,0.199393710875969,,,,,,pcawg,int_iqr_correlation
pcawg_iqr_corr,rf_drop_4b,cg17833037,,,,,0.0460580743249451,,,,,,pcawg,int_iqr_correlation
pcawg_iqr_corr,rf_drop_4b,cg06422471,,,,,0.0385730195929324,,,,,,pcawg,int_iqr_correlation
pcawg_iqr_corr,rf_drop_4b,cg08328777,,,,,0.0381489278829072,,,,,,pcawg,int_iqr_correlation
pcawg_iqr_corr,rf_drop_4b,cg00960580,,,,,0.0365017759563532,,,,,,pcawg,int_iqr_correlation
pcawg_iqr_corr,rf_drop_4b,cg13719746,,,,,0.0240969430380562,,,,,,pcawg,int_iqr_correlation
pcawg_iqr_corr,rf_drop_4b,cg00686823,,,,,0.0139738862120906,,,,,,pcawg,int_iqr_correlation
pcawg_iqr_corr,rf_drop_4b,cg08327371,,,,,0.0135679989218389,,,,,,pcawg,int_iqr_correlation
pcawg_iqr_corr,rf_drop_4b,cg13613965,,,,,0.0126333403894962,,,,,,pcawg,int_iqr_correlation
pcawg_iqr_corr,common_5,cg00870279,,,,,,,,,,,pcawg,int_iqr_correlation
pcawg_iqr_corr,common_5,cg01842321,,,,,,,,,,,pcawg,int_iqr_correlation
pcawg_iqr_corr,common_5,cg01861555,,,,,,,,,,,pcawg,int_iqr_correlation
pcawg_iqr_corr,common_5,cg06805320,,,,,,,,,,,pcawg,int_iqr_correlation
pcawg_iqr_corr,common_5,cg07235253,,,,,,,,,,,pcawg,int_iqr_correlation
pcawg_iqr_corr,common_5,cg08327371,,,,,,,,,,,pcawg,int_iqr_correlation
pcawg_iqr_corr,common_5,cg08598483,,,,,,,,,,,pcawg,int_iqr_correlation
pcawg_iqr_corr,common_5,cg10982913,,,,,,,,,,,pcawg,int_iqr_correlation
pcawg_iqr_corr,common_5,cg12164232,,,,,,,,,,,pcawg,int_iqr_correlation
pcawg_iqr_corr,common_5,cg14387626,,,,,,,,,,,pcawg,int_iqr_correlation
pcawg_iqr_corr,common_5,cg16338877,,,,,,,,,,,pcawg,int_iqr_correlation
pcawg_iqr_corr,common_5,cg16401270,,,,,,,,,,,pcawg,int_iqr_correlation
pcawg_iqr_corr,common_5,cg17163967,,,,,,,,,,,pcawg,int_iqr_correlation
pcawg_iqr_corr,common_5,cg21142743,,,,,,,,,,,pcawg,int_iqr_correlation
pcawg_iqr_corr,common_5,cg27086014,,,,,,,,,,,pcawg,int_iqr_correlation
pcawg_iqr_corr,combined_6,cg11564601,0.0390437404610596,,1.048932719712906e-09,,,,,,,,pcawg,int_iqr_correlation
pcawg_iqr_corr,combined_6,cg23882019,0.0281505130319111,,4.355104541568991e-09,,,,,,,,pcawg,int_iqr_correlation
pcawg_iqr_corr,combined_6,cg14166284,0.03029340510189,,1.0510204455055329e-08,,,,,,,,pcawg,int_iqr_correlation
pcawg_iqr_corr,combined_6,cg07475178,0.0419727366987298,,7.524443968394857e-08,,,,,,,,pcawg,int_iqr_correlation
pcawg_iqr_corr,combined_6,cg00686823,0.0449751609736914,,6.665667434986008e-07,,,,,,,,pcawg,int_iqr_correlation
pcawg_iqr_corr,combined_6,cg17850597,0.0387901228813713,,1.4413713718805228e-06,,,,,,,,pcawg,int_iqr_correlation
pcawg_iqr_corr,combined_6,cg01662942,0.0297632499019045,,4.642416358329068e-06,,,,,,,,pcawg,int_iqr_correlation
pcawg_iqr_corr,combined_6,cg09586198,0.0307025810793669,,1.277593573142481e-05,,,,,,,,pcawg,int_iqr_correlation
pcawg_iqr_corr,combined_6,cg03895404,0.0478582250557796,,1.2831843951930669e-05,,,,,,,,pcawg,int_iqr_correlation
pcawg_iqr_corr,combined_6,cg27086014,0.0403596320752386,,0.0001476732521162,,,,,,,,pcawg,int_iqr_correlation
pcawg_iqr_corr,cluster_7,cg08861369,,,,,,,,,,0.0,pcawg,int_iqr_correlation
pcawg_iqr_corr,cluster_7,cg08598483,,,,,,,,,,1.0,pcawg,int_iqr_correlation
pcawg_iqr_corr,cluster_7,cg05740418,,,,,,,,,,2.0,pcawg,int_iqr_correlation
pcawg_iqr_corr,cluster_7,cg08469509,,,,,,,,,,3.0,pcawg,int_iqr_correlation
pcawg_iqr_corr,cluster_7,cg08377768,,,,,,,,,,4.0,pcawg,int_iqr_correlation
pcawg_iqr_corr,cluster_7,cg12197752,,,,,,,,,,5.0,pcawg,int_iqr_correlation
pcawg_iqr_corr,cluster_7,cg12551394,,,,,,,,,,6.0,pcawg,int_iqr_correlation
pcawg_iqr_corr,cluster_7,cg20001829,,,,,,,,,,7.0,pcawg,int_iqr_correlation
pcawg_iqr_corr,cluster_7,cg09080522,,,,,,,,,,8.0,pcawg,int_iqr_correlation
pcawg_iqr_corr,cluster_7,cg13085030,,,,,,,,,,9.0,pcawg,int_iqr_correlation
pcawg_iqr_corr,range_8,cg26017880,,,,,,0.9934877761801456,,,,,pcawg,int_iqr_correlation
pcawg_iqr_corr,range_8,cg26674943,,,,,,0.9448223945151376,,,,,pcawg,int_iqr_correlation
pcawg_iqr_corr,range_8,cg25830696,,,,,,0.9191223414783058,,,,,pcawg,int_iqr_correlation
pcawg_iqr_corr,range_8,cg03895404,,,,,,0.90664187,,,,,pcawg,int_iqr_correlation
pcawg_iqr_corr,range_8,cg15828613,,,,,,0.8960410031957355,,,,,pcawg,int_iqr_correlation
pcawg_iqr_corr,range_8,cg09081941,,,,,,0.891908195461713,,,,,pcawg,int_iqr_correlation
pcawg_iqr_corr,range_8,cg22926869,,,,,,0.8828460721607201,,,,,pcawg,int_iqr_correlation
pcawg_iqr_corr,range_8,cg08328777,,,,,,0.88060368,,,,,pcawg,int_iqr_correlation
pcawg_iqr_corr,range_8,cg14565265,,,,,,0.8702472149060044,,,,,pcawg,int_iqr_correlation
pcawg_iqr_corr,range_8,cg21410293,,,,,,0.870136621076233,,,,,pcawg,int_iqr_correlation
pcawg_iqr_corr,diffmeth_10,cg12164232,,,1.4440005854653594e-08,,,,,,,,pcawg,int_iqr_correlation
pcawg_iqr_corr,diffmeth_10,cg17833037,,,1.4437276160975863e-06,,,,,,,,pcawg,int_iqr_correlation
pcawg_iqr_corr,diffmeth_10,cg11564601,,,3.881847615292157e-06,,,,,,,,pcawg,int_iqr_correlation
pcawg_iqr_corr,diffmeth_10,cg23882019,,,4.0284085843211695e-06,,,,,,,,pcawg,int_iqr_correlation
pcawg_iqr_corr,diffmeth_10,cg08328777,,,8.112349212191617e-06,,,,,,,,pcawg,int_iqr_correlation
pcawg_iqr_corr,diffmeth_10,cg07475178,,,8.271854578851737e-06,,,,,,,,pcawg,int_iqr_correlation
pcawg_iqr_corr,diffmeth_10,cg19295951,,,2.340926448204247e-05,,,,,,,,pcawg,int_iqr_correlation
pcawg_iqr_corr,diffmeth_10,cg03463523,,,2.7146202123656944e-05,,,,,,,,pcawg,int_iqr_correlation
pcawg_iqr_corr,diffmeth_10,cg03895404,,,3.746673954302305e-05,,,,,,,,pcawg,int_iqr_correlation
pcawg_iqr_corr,diffmeth_10,cg26351001,,,4.192627259631725e-05,,,,,,,,pcawg,int_iqr_correlation
pcawg_iqr_corr,aggregate_11,cg03895404,0.0478582250557796,0.4100160110698512,4.601350647571898e-05,,,0.90664187,,,0.7920599182638542,,pcawg,int_iqr_correlation
pcawg_iqr_corr,aggregate_11,cg15828613,0.094448490543707,0.1430492666806012,0.0198852410030933,,,0.8960410031957355,,,0.776309418967555,,pcawg,int_iqr_correlation
pcawg_iqr_corr,aggregate_11,cg11564601,0.0390437404610596,0.4718396859613177,2.1967359168295123e-05,,,0.8060611799999999,,,0.7596365368739892,,pcawg,int_iqr_correlation
pcawg_iqr_corr,aggregate_11,cg00686823,0.0449751609736914,0.4204080472390229,0.0003142860649309,,,0.8268323348372273,,,0.7581483241644609,,pcawg,int_iqr_correlation
pcawg_iqr_corr,aggregate_11,cg07475178,0.0419727366987298,0.3816915751765817,3.46400853906389e-05,,,0.861646023235589,,,0.7443803172105534,,pcawg,int_iqr_correlation
pcawg_iqr_corr,aggregate_11,cg14166284,0.03029340510189,0.4896552320879879,0.001335735022417,,,0.77756070337147,,,0.7332904511070812,,pcawg,int_iqr_correlation
pcawg_iqr_corr,aggregate_11,cg19295951,0.046240225095289,0.330906160637832,7.236034472497805e-05,,,0.8676218153846482,,,0.7329783246312718,,pcawg,int_iqr_correlation
pcawg_iqr_corr,aggregate_11,cg23882019,0.0281505130319111,0.4441665976840458,4.549185073319675e-06,,,0.8234877510867238,,,0.7230902358228798,,pcawg,int_iqr_correlation
pcawg_iqr_corr,aggregate_11,cg08328777,0.0446983816752805,0.3077935537860203,3.8458293770036695e-05,,,0.88060368,,,0.7223562853980227,,pcawg,int_iqr_correlation
pcawg_iqr_corr,aggregate_11,cg17850597,0.0387901228813713,0.4177622231358056,0.000725802236535,,,0.776619572202873,,,0.7203081930854004,,pcawg,int_iqr_correlation
tgca_prim_window,var_1,cg09851528,0.052993651075499,,,,,,,,,,tgca,primary_window
tgca_prim_window,var_1,cg10342899,0.0422880377359166,,,,,,,,,,tgca,primary_window
tgca_prim_window,var_1,cg18817487,0.0421868264761346,,,,,,,,,,tgca,primary_window
tgca_prim_window,var_1,cg10044466,0.0381615849908183,,,,,,,,,,tgca,primary_window
tgca_prim_window,var_1,cg26764980,0.037409657495812,,,,,,,,,,tgca,primary_window
tgca_prim_window,var_1,cg11809107,0.0368670066473007,,,,,,,,,,tgca,primary_window
tgca_prim_window,var_1,cg15901722,0.0347595999118225,,,,,,,,,,tgca,primary_window
tgca_prim_window,var_1,cg11911550,0.031624476943837,,,,,,,,,,tgca,primary_window
tgca_prim_window,var_1,cg26687072,0.031007498208577,,,,,,,,,,tgca,primary_window
tgca_prim_window,var_1,cg23474190,0.0303777887771283,,,,,,,,,,tgca,primary_window
tgca_prim_window,corr_2,cg26764980,,0.4811266977877113,,,,,,,,,tgca,primary_window
tgca_prim_window,corr_2,cg02313492,,0.4491252165718629,,,,,,,,,tgca,primary_window
tgca_prim_window,corr_2,cg11911550,,0.4205902587772248,,,,,,,,,tgca,primary_window
tgca_prim_window,corr_2,cg14255426,,0.415454024566406,,,,,,,,,tgca,primary_window
tgca_prim_window,corr_2,cg15030449,,0.4002837922116953,,,,,,,,,tgca,primary_window
tgca_prim_window,corr_2,cg03613525,,0.3910682464921923,,,,,,,,,tgca,primary_window
tgca_prim_window,corr_2,cg17202781,,0.3730515414777877,,,,,,,,,tgca,primary_window
tgca_prim_window,corr_2,cg11743259,,0.3681378998257612,,,,,,,,,tgca,primary_window
tgca_prim_window,corr_2,cg15901722,,0.3659665277007285,,,,,,,,,tgca,primary_window
tgca_prim_window,corr_2,cg09851528,,0.3643031084128862,,,,,,,,,tgca,primary_window
tgca_prim_window,anova_3,cg15875860,,,0.0283278166590019,,,,,,,,tgca,primary_window
tgca_prim_window,anova_3,cg12471950,,,0.0336709843392702,,,,,,,,tgca,primary_window
tgca_prim_window,anova_3,cg05366204,,,0.0590545909611476,,,,,,,,tgca,primary_window
tgca_prim_window,anova_3,cg26687072,,,0.0680518689535338,,,,,,,,tgca,primary_window
tgca_prim_window,anova_3,cg16549073,,,0.1109400072662045,,,,,,,,tgca,primary_window
tgca_prim_window,anova_3,cg09506515,,,0.1172303420615,,,,,,,,tgca,primary_window
tgca_prim_window,anova_3,cg25296236,,,0.1923256028889073,,,,,,,,tgca,primary_window
tgca_prim_window,anova_3,cg14661946,,,0.194366837277965,,,,,,,,tgca,primary_window
tgca_prim_window,anova_3,cg20195987,,,0.2278231572671745,,,,,,,,tgca,primary_window
tgca_prim_window,anova_3,cg01023778,,,0.2688457409323397,,,,,,,,tgca,primary_window
tgca_prim_window,rf_impute_4a,cg26764980,,,,0.134230204429311,,,,,,,tgca,primary_window
tgca_prim_window,rf_impute_4a,cg02313492,,,,0.1254884357043712,,,,,,,tgca,primary_window
tgca_prim_window,rf_impute_4a,cg10918927,,,,0.0171500785398395,,,,,,,tgca,primary_window
tgca_prim_window,rf_impute_4a,cg26687072,,,,0.0157074494623444,,,,,,,tgca,primary_window
tgca_prim_window,rf_impute_4a,cg16136840,,,,0.014414917556469,,,,,,,tgca,primary_window
tgca_prim_window,rf_impute_4a,cg03962809,,,,0.0138001160390022,,,,,,,tgca,primary_window
tgca_prim_window,rf_impute_4a,cg26187123,,,,0.0129559719994982,,,,,,,tgca,primary_window
tgca_prim_window,rf_impute_4a,cg07545640,,,,0.0126386274173233,,,,,,,tgca,primary_window
tgca_prim_window,rf_impute_4a,cg09851528,,,,0.012611936380578,,,,,,,tgca,primary_window
tgca_prim_window,rf_impute_4a,cg15030449,,,,0.0110741437518463,,,,,,,tgca,primary_window
tgca_prim_window,rf_drop_4b,cg20109151,,,,,0.1774695802417695,,,,,,tgca,primary_window
tgca_prim_window,rf_drop_4b,cg19078334,,,,,0.0908819754135885,,,,,,tgca,primary_window
tgca_prim_window,rf_drop_4b,cg07439791,,,,,0.0561802183176053,,,,,,tgca,primary_window
tgca_prim_window,rf_drop_4b,cg15627031,,,,,0.0340989835489709,,,,,,tgca,primary_window
tgca_prim_window,rf_drop_4b,cg26839863,,,,,0.0294449368057607,,,,,,tgca,primary_window
tgca_prim_window,rf_drop_4b,cg24882097,,,,,0.0171613937701832,,,,,,tgca,primary_window
tgca_prim_window,rf_drop_4b,cg05597008,,,,,0.0163401069047654,,,,,,tgca,primary_window
tgca_prim_window,rf_drop_4b,cg15780578,,,,,0.0158251296310684,,,,,,tgca,primary_window
tgca_prim_window,rf_drop_4b,cg18925864,,,,,0.0153631932488911,,,,,,tgca,primary_window
tgca_prim_window,rf_drop_4b,cg09851528,,,,,0.0149316688718459,,,,,,tgca,primary_window
tgca_prim_window,combined_6,cg11911550,0.031624476943837,,3.051601333229618e-18,,,,,,,,tgca,primary_window
tgca_prim_window,combined_6,cg03651478,0.0125317336413361,,5.984590183816023e-18,,,,,,,,tgca,primary_window
tgca_prim_window,combined_6,cg15030449,0.0283512606509865,,1.4697771494525798e-17,,,,,,,,tgca,primary_window
tgca_prim_window,combined_6,cg26764980,0.037409657495812,,1.9179194456666697e-17,,,,,,,,tgca,primary_window
tgca_prim_window,combined_6,cg18817487,0.0421868264761346,,1.9318240113799223e-16,,,,,,,,tgca,primary_window
tgca_prim_window,combined_6,cg26687072,0.031007498208577,,8.94577036424771e-16,,,,,,,,tgca,primary_window
tgca_prim_window,combined_6,cg22291084,0.0185199744127665,,3.7381800700547275e-15,,,,,,,,tgca,primary_window
tgca_prim_window,combined_6,cg04928129,0.0188121891324721,,7.099970673380361e-15,,,,,,,,tgca,primary_window
tgca_prim_window,combined_6,cg14255426,0.0290506956953932,,8.416907451198695e-15,,,,,,,,tgca,primary_window
tgca_prim_window,combined_6,cg01198434,0.0126634242785843,,3.086105147684893e-14,,,,,,,,tgca,primary_window
tgca_prim_window,cluster_7,cg15834355,,,,,,,,,,0.0,tgca,primary_window
tgca_prim_window,cluster_7,cg04603812,,,,,,,,,,1.0,tgca,primary_window
tgca_prim_window,cluster_7,cg26764980,,,,,,,,,,2.0,tgca,primary_window
tgca_prim_window,cluster_7,cg15985470,,,,,,,,,,3.0,tgca,primary_window
tgca_prim_window,cluster_7,cg04928129,,,,,,,,,,4.0,tgca,primary_window
tgca_prim_window,cluster_7,cg01910484,,,,,,,,,,5.0,tgca,primary_window
tgca_prim_window,cluster_7,cg16000360,,,,,,,,,,6.0,tgca,primary_window
tgca_prim_window,cluster_7,cg26551688,,,,,,,,,,7.0,tgca,primary_window
tgca_prim_window,cluster_7,cg08268266,,,,,,,,,,8.0,tgca,primary_window
tgca_prim_window,cluster_7,cg01198434,,,,,,,,,,9.0,tgca,primary_window
tgca_prim_window,range_8,cg10342899,,,,,,0.9431690181607044,,,,,tgca,primary_window
tgca_prim_window,range_8,cg13326926,,,,,,0.935342992144184,,,,,tgca,primary_window
tgca_prim_window,range_8,cg09851528,,,,,,0.9332793339873362,,,,,tgca,primary_window
tgca_prim_window,range_8,cg12944530,,,,,,0.9284716425453692,,,,,tgca,primary_window
tgca_prim_window,range_8,cg19978669,,,,,,0.9237154453038472,,,,,tgca,primary_window
tgca_prim_window,range_8,cg18817487,,,,,,0.915735177264313,,,,,tgca,primary_window
tgca_prim_window,range_8,cg16590546,,,,,,0.9155407284318642,,,,,tgca,primary_window
tgca_prim_window,range_8,cg26015683,,,,,,0.9112912873386464,,,,,tgca,primary_window
tgca_prim_window,range_8,cg08604594,,,,,,0.9073171681319672,,,,,tgca,primary_window
tgca_prim_window,range_8,cg03962809,,,,,,0.90706349235667,,,,,tgca,primary_window
tgca_prim_window,diffmeth_10,cg15875860,,,0.0283278166590028,,,,,,,,tgca,primary_window
tgca_prim_window,diffmeth_10,cg12471950,,,0.033670984339271,,,,,,,,tgca,primary_window
tgca_prim_window,diffmeth_10,cg05366204,,,0.0590545909611486,,,,,,,,tgca,primary_window
tgca_prim_window,diffmeth_10,cg26687072,,,0.0680518689535315,,,,,,,,tgca,primary_window
tgca_prim_window,diffmeth_10,cg16549073,,,0.1109400072662072,,,,,,,,tgca,primary_window
tgca_prim_window,diffmeth_10,cg09506515,,,0.1172303420615043,,,,,,,,tgca,primary_window
tgca_prim_window,diffmeth_10,cg25296236,,,0.1923256028889099,,,,,,,,tgca,primary_window
tgca_prim_window,diffmeth_10,cg14661946,,,0.1943668372779616,,,,,,,,tgca,primary_window
tgca_prim_window,diffmeth_10,cg20195987,,,0.2278231572671707,,,,,,,,tgca,primary_window
tgca_prim_window,diffmeth_10,cg01023778,,,0.2688457409323325,,,,,,,,tgca,primary_window
tgca_prim_window,aggregate_11,cg11809107,0.0368670066473007,0.3398692911737868,0.3403566081684797,,,0.9022243182819882,,,0.7468645801211066,,tgca,primary_window
tgca_prim_window,aggregate_11,cg26764980,0.037409657495812,0.4811266977877113,0.565571166777917,,,0.8504318034541216,,,0.7383680453817189,,tgca,primary_window
tgca_prim_window,aggregate_11,cg09851528,0.052993651075499,0.3643031084128862,0.8870372074500935,,,0.9332793339873362,,,0.7123189656528754,,tgca,primary_window
tgca_prim_window,aggregate_11,cg05366204,0.0233315194875096,0.2475112671748112,0.0590545909611476,,,0.8996249768556266,,,0.7047968403761508,,tgca,primary_window
tgca_prim_window,aggregate_11,cg26687072,0.031007498208577,0.2566293215792608,0.0680518689535338,,,0.817808293747819,,,0.7005659804804751,,tgca,primary_window
tgca_prim_window,aggregate_11,cg10342899,0.0422880377359166,0.2973604667319617,0.7463217382794527,,,0.9431690181607044,,,0.6675330334084761,,tgca,primary_window
tgca_prim_window,aggregate_11,cg18817487,0.0421868264761346,0.3551386143848503,0.817036099368467,,,0.915735177264313,,,0.6647189820094651,,tgca,primary_window
tgca_prim_window,aggregate_11,cg23474190,0.0303777887771283,0.3327280141818471,0.4442308141183209,,,0.8195841270965423,,,0.6417083837679537,,tgca,primary_window
tgca_prim_window,aggregate_11,cg10044466,0.0381615849908183,0.3543187113730148,0.8220532064418691,,,0.8869106417535778,,,0.628555338785094,,tgca,primary_window
tgca_prim_window,aggregate_11,cg03613525,0.0294515534886148,0.3910682464921923,0.7082245259706361,,,0.8605152594783013,,,0.621692802164796,,tgca,primary_window
tgca_sith_corr,var_1,cg25601879,0.1272874813085769,,,,,,,,,,tgca,sith_correlation
tgca_sith_corr,var_1,cg06041067,0.1227957475087845,,,,,,,,,,tgca,sith_correlation
tgca_sith_corr,var_1,cg17924044,0.1206937205681534,,,,,,,,,,tgca,sith_correlation
tgca_sith_corr,var_1,cg02482718,0.1173017171852796,,,,,,,,,,tgca,sith_correlation
tgca_sith_corr,var_1,cg14802502,0.1072101702785623,,,,,,,,,,tgca,sith_correlation
tgca_sith_corr,var_1,cg14585167,0.1028246833251425,,,,,,,,,,tgca,sith_correlation
tgca_sith_corr,var_1,cg20064139,0.1019733607559167,,,,,,,,,,tgca,sith_correlation
tgca_sith_corr,var_1,cg13028819,0.1017959481141318,,,,,,,,,,tgca,sith_correlation
tgca_sith_corr,var_1,cg18096251,0.1017215275504882,,,,,,,,,,tgca,sith_correlation
tgca_sith_corr,var_1,cg21239227,0.0995145236263379,,,,,,,,,,tgca,sith_correlation
tgca_sith_corr,corr_2,cg01462537,,0.5220406113516277,,,,,,,,,tgca,sith_correlation
tgca_sith_corr,corr_2,cg05787063,,0.5130534401654961,,,,,,,,,tgca,sith_correlation
tgca_sith_corr,corr_2,cg17273588,,0.4823343295905842,,,,,,,,,tgca,sith_correlation
tgca_sith_corr,corr_2,cg16686960,,0.4614473948211437,,,,,,,,,tgca,sith_correlation
tgca_sith_corr,corr_2,cg02482718,,0.4600138008965839,,,,,,,,,tgca,sith_correlation
tgca_sith_corr,corr_2,cg25538881,,0.4543726966711673,,,,,,,,,tgca,sith_correlation
tgca_sith_corr,corr_2,cg20455802,,0.4539243335579948,,,,,,,,,tgca,sith_correlation
tgca_sith_corr,corr_2,cg23315892,,0.4456044318391917,,,,,,,,,tgca,sith_correlation
tgca_sith_corr,corr_2,cg15605096,,0.4429297289452241,,,,,,,,,tgca,sith_correlation
tgca_sith_corr,corr_2,cg01001314,,0.4421765117113679,,,,,,,,,tgca,sith_correlation
tgca_sith_corr,anova_3,cg05240350,,,0.0015654018522565,,,,,,,,tgca,sith_correlation
tgca_sith_corr,anova_3,cg25004840,,,0.005276852070817,,,,,,,,tgca,sith_correlation
tgca_sith_corr,anova_3,cg10525642,,,0.0138914807504752,,,,,,,,tgca,sith_correlation
tgca_sith_corr,anova_3,cg08043565,,,0.0315778847775956,,,,,,,,tgca,sith_correlation
tgca_sith_corr,anova_3,cg12590535,,,0.0357555722669606,,,,,,,,tgca,sith_correlation
tgca_sith_corr,anova_3,cg17385247,,,0.0360482867946347,,,,,,,,tgca,sith_correlation
tgca_sith_corr,anova_3,cg19238349,,,0.0378727955596982,,,,,,,,tgca,sith_correlation
tgca_sith_corr,anova_3,cg14434293,,,0.0380391328838474,,,,,,,,tgca,sith_correlation
tgca_sith_corr,anova_3,cg10758824,,,0.0429398769208024,,,,,,,,tgca,sith_correlation
tgca_sith_corr,anova_3,cg24522654,,,0.045464226538585,,,,,,,,tgca,sith_correlation
tgca_sith_corr,rf_impute_4a,cg05787063,,,,0.2402357837011273,,,,,,,tgca,sith_correlation
tgca_sith_corr,rf_impute_4a,cg01462537,,,,0.0842442186982097,,,,,,,tgca,sith_correlation
tgca_sith_corr,rf_impute_4a,cg11956804,,,,0.0291409289041234,,,,,,,tgca,sith_correlation
tgca_sith_corr,rf_impute_4a,cg01001314,,,,0.0145699845467616,,,,,,,tgca,sith_correlation
tgca_sith_corr,rf_impute_4a,cg25198599,,,,0.0140978774578308,,,,,,,tgca,sith_correlation
tgca_sith_corr,rf_impute_4a,cg22708944,,,,0.0115784613713379,,,,,,,tgca,sith_correlation
tgca_sith_corr,rf_impute_4a,cg16016034,,,,0.0110757683030071,,,,,,,tgca,sith_correlation
tgca_sith_corr,rf_impute_4a,cg10525642,,,,0.0108864879083444,,,,,,,tgca,sith_correlation
tgca_sith_corr,rf_impute_4a,cg13861244,,,,0.0104507453861993,,,,,,,tgca,sith_correlation
tgca_sith_corr,rf_impute_4a,cg21187669,,,,0.0079056720576466,,,,,,,tgca,sith_correlation
tgca_sith_corr,rf_drop_4b,cg22335847,,,,,0.0555621447326262,,,,,,tgca,sith_correlation
tgca_sith_corr,rf_drop_4b,cg07423997,,,,,0.0476787045266674,,,,,,tgca,sith_correlation
tgca_sith_corr,rf_drop_4b,cg18096251,,,,,0.0423586660133008,,,,,,tgca,sith_correlation
tgca_sith_corr,rf_drop_4b,cg07155455,,,,,0.0406228415414121,,,,,,tgca,sith_correlation
tgca_sith_corr,rf_drop_4b,cg10211776,,,,,0.0375326085986945,,,,,,tgca,sith_correlation
tgca_sith_corr,rf_drop_4b,cg17273588,,,,,0.0329702583894406,,,,,,tgca,sith_correlation
tgca_sith_corr,rf_drop_4b,cg21845080,,,,,0.0327386853090983,,,,,,tgca,sith_correlation
tgca_sith_corr,rf_drop_4b,cg22708944,,,,,0.0306830783521973,,,,,,tgca,sith_correlation
tgca_sith_corr,rf_drop_4b,cg01462537,,,,,0.0297320807029719,,,,,,tgca,sith_correlation
tgca_sith_corr,rf_drop_4b,cg06483559,,,,,0.0291909465725958,,,,,,tgca,sith_correlation
tgca_sith_corr,combined_6,cg22708944,0.0598784244258983,,3.156666248515432e-09,,,,,,,,tgca,sith_correlation
tgca_sith_corr,combined_6,cg08795535,0.0690145168321482,,3.8010450340980874e-08,,,,,,,,tgca,sith_correlation
tgca_sith_corr,combined_6,cg01462537,0.0735184963644119,,4.3681376556767654e-08,,,,,,,,tgca,sith_correlation
tgca_sith_corr,combined_6,cg10211776,0.0582366223101889,,6.683666812510398e-08,,,,,,,,tgca,sith_correlation
tgca_sith_corr,combined_6,cg08216099,0.0659255415840752,,4.052893306072028e-06,,,,,,,,tgca,sith_correlation
tgca_sith_corr,combined_6,cg19407717,0.0791198964984833,,7.724993538308204e-06,,,,,,,,tgca,sith_correlation
tgca_sith_corr,combined_6,cg16488065,0.0640802919154471,,1.63052884864943e-05,,,,,,,,tgca,sith_correlation
tgca_sith_corr,combined_6,cg21962907,0.0607914626407989,,2.567705233568488e-05,,,,,,,,tgca,sith_correlation
tgca_sith_corr,combined_6,cg13663644,0.0668110449576938,,5.926129201233414e-05,,,,,,,,tgca,sith_correlation
tgca_sith_corr,combined_6,cg14382249,0.0660776864665788,,0.0002151835314043,,,,,,,,tgca,sith_correlation
tgca_sith_corr,cluster_7,cg13621113,,,,,,,,,,0.0,tgca,sith_correlation
tgca_sith_corr,cluster_7,cg18096251,,,,,,,,,,1.0,tgca,sith_correlation
tgca_sith_corr,cluster_7,cg06743811,,,,,,,,,,2.0,tgca,sith_correlation
tgca_sith_corr,cluster_7,cg05114959,,,,,,,,,,3.0,tgca,sith_correlation
tgca_sith_corr,cluster_7,cg14585167,,,,,,,,,,4.0,tgca,sith_correlation
tgca_sith_corr,cluster_7,cg10553343,,,,,,,,,,5.0,tgca,sith_correlation
tgca_sith_corr,cluster_7,cg06815826,,,,,,,,,,6.0,tgca,sith_correlation
tgca_sith_corr,cluster_7,cg19033555,,,,,,,,,,7.0,tgca,sith_correlation
tgca_sith_corr,cluster_7,cg25336892,,,,,,,,,,8.0,tgca,sith_correlation
tgca_sith_corr,cluster_7,cg24797574,,,,,,,,,,9.0,tgca,sith_correlation
tgca_sith_corr,range_8,cg06041067,,,,,,0.9674549632456552,,,,,tgca,sith_correlation
tgca_sith_corr,range_8,cg20824635,,,,,,0.962429336458678,,,,,tgca,sith_correlation
tgca_sith_corr,range_8,cg11476737,,,,,,0.9616742967446856,,,,,tgca,sith_correlation
tgca_sith_corr,range_8,cg18096251,,,,,,0.9615398263362293,,,,,tgca,sith_correlation
tgca_sith_corr,range_8,cg09892104,,,,,,0.9587044808384892,,,,,tgca,sith_correlation
tgca_sith_corr,range_8,cg24860169,,,,,,0.9585955594079232,,,,,tgca,sith_correlation
tgca_sith_corr,range_8,cg14802502,,,,,,0.958146479916076,,,,,tgca,sith_correlation
tgca_sith_corr,range_8,cg20064139,,,,,,0.9574644154590752,,,,,tgca,sith_correlation
tgca_sith_corr,range_8,cg19407717,,,,,,0.9570809412661748,,,,,tgca,sith_correlation
tgca_sith_corr,range_8,cg08795535,,,,,,0.9569493957717462,,,,,tgca,sith_correlation
tgca_sith_corr,diffmeth_10,cg05240350,,,0.0009230643511988,,,,,,,,tgca,sith_correlation
tgca_sith_corr,diffmeth_10,cg25004840,,,0.0032832444867778,,,,,,,,tgca,sith_correlation
tgca_sith_corr,diffmeth_10,cg10525642,,,0.0074910421143752,,,,,,,,tgca,sith_correlation
tgca_sith_corr,diffmeth_10,cg12590535,,,0.0203146735831788,,,,,,,,tgca,sith_correlation
tgca_sith_corr,diffmeth_10,cg04814352,,,0.0270882351472619,,,,,,,,tgca,sith_correlation
tgca_sith_corr,diffmeth_10,cg20455802,,,0.0334633849629043,,,,,,,,tgca,sith_correlation
tgca_sith_corr,diffmeth_10,cg04368843,,,0.0386767207194405,,,,,,,,tgca,sith_correlation
tgca_sith_corr,diffmeth_10,cg08454125,,,0.0390713413366581,,,,,,,,tgca,sith_correlation
tgca_sith_corr,diffmeth_10,cg01462537,,,0.043252936408917,,,,,,,,tgca,sith_correlation
tgca_sith_corr,diffmeth_10,cg25538881,,,0.0468103289161905,,,,,,,,tgca,sith_correlation
tgca_sith_corr,aggregate_11,cg05787063,0.0832959129451653,0.5130534401654961,0.181872761676119,,,0.9181265731827306,,,0.8326256834069526,,tgca,sith_correlation
tgca_sith_corr,aggregate_11,cg01462537,0.0735184963644119,0.5220406113516277,0.1039407299436015,,,0.9084162445193972,,,0.8309861941619229,,tgca,sith_correlation
tgca_sith_corr,aggregate_11,cg17924044,0.1206937205681534,0.3942523568028461,0.3488332499794223,,,0.949058559550289,,,0.8279090910838811,,tgca,sith_correlation
tgca_sith_corr,aggregate_11,cg02482718,0.1173017171852796,0.4600138008965839,0.3682847611405093,,,0.8967310393467568,,,0.8190801259029398,,tgca,sith_correlation
tgca_sith_corr,aggregate_11,cg25601879,0.1272874813085769,0.3778699203111718,0.4002802550815719,,,0.9163902096717956,,,0.802992306815175,,tgca,sith_correlation
tgca_sith_corr,aggregate_11,cg18096251,0.1017215275504882,0.3467978964501941,0.3745539503533848,,,0.9615398263362293,,,0.766249694668945,,tgca,sith_correlation
tgca_sith_corr,aggregate_11,cg20064139,0.1019733607559167,0.3700257724332366,0.4384281788934031,,,0.9574644154590752,,,0.7596701718315755,,tgca,sith_correlation
tgca_sith_corr,aggregate_11,cg19407717,0.0791198964984833,0.3528555040750674,0.2259804183283288,,,0.9570809412661748,,,0.7572683498840584,,tgca,sith_correlation
tgca_sith_corr,aggregate_11,cg14802502,0.1072101702785623,0.294556863322635,0.364479868523169,,,0.958146479916076,,,0.7532154514174502,,tgca,sith_correlation
tgca_sith_corr,aggregate_11,cg08216099,0.0659255415840752,0.4166484214032497,0.1528986724244219,,,0.9037109946464944,,,0.749873983880505,,tgca,sith_correlation
tgca_iqr_corr,var_1,cg12680131,0.1453360822642157,,,,,,,,,,tgca,int_iqr_correlation
tgca_iqr_corr,var_1,cg17924044,0.1206937205681534,,,,,,,,,,tgca,int_iqr_correlation
tgca_iqr_corr,var_1,cg04917275,0.11190234716165,,,,,,,,,,tgca,int_iqr_correlation
tgca_iqr_corr,var_1,cg04311653,0.1029395518715297,,,,,,,,,,tgca,int_iqr_correlation
tgca_iqr_corr,var_1,cg20064139,0.1019733607559167,,,,,,,,,,tgca,int_iqr_correlation
tgca_iqr_corr,var_1,cg13028819,0.1017959481141318,,,,,,,,,,tgca,int_iqr_correlation
tgca_iqr_corr,var_1,cg26491818,0.0973113530443947,,,,,,,,,,tgca,int_iqr_correlation
tgca_iqr_corr,var_1,cg25590114,0.0972180408580742,,,,,,,,,,tgca,int_iqr_correlation
tgca_iqr_corr,var_1,cg09210956,0.0949666505197275,,,,,,,,,,tgca,int_iqr_correlation
tgca_iqr_corr,var_1,cg24096120,0.0946424292605373,,,,,,,,,,tgca,int_iqr_correlation
tgca_iqr_corr,corr_2,cg21991633,,0.5738543842409654,,,,,,,,,tgca,int_iqr_correlation
tgca_iqr_corr,corr_2,cg06552160,,0.5227910081147226,,,,,,,,,tgca,int_iqr_correlation
tgca_iqr_corr,corr_2,cg03983740,,0.5057000246787354,,,,,,,,,tgca,int_iqr_correlation
tgca_iqr_corr,corr_2,cg17756105,,0.4980509799573496,,,,,,,,,tgca,int_iqr_correlation
tgca_iqr_corr,corr_2,cg21069434,,0.4871496134026585,,,,,,,,,tgca,int_iqr_correlation
tgca_iqr_corr,corr_2,cg14128411,,0.4767042988780239,,,,,,,,,tgca,int_iqr_correlation
tgca_iqr_corr,corr_2,cg02589576,,0.4757719638464407,,,,,,,,,tgca,int_iqr_correlation
tgca_iqr_corr,corr_2,cg12655921,,0.4656681992895647,,,,,,,,,tgca,int_iqr_correlation
tgca_iqr_corr,corr_2,cg00491523,,0.4630240594460292,,,,,,,,,tgca,int_iqr_correlation
tgca_iqr_corr,corr_2,cg09708044,,0.4542005019835148,,,,,,,,,tgca,int_iqr_correlation
tgca_iqr_corr,anova_3,cg20596629,,,0.050813856286685,,,,,,,,tgca,int_iqr_correlation
tgca_iqr_corr,anova_3,cg23487759,,,0.0541432336843204,,,,,,,,tgca,int_iqr_correlation
tgca_iqr_corr,anova_3,cg02666302,,,0.0585392666666451,,,,,,,,tgca,int_iqr_correlation
tgca_iqr_corr,anova_3,cg23747675,,,0.0610071836843745,,,,,,,,tgca,int_iqr_correlation
tgca_iqr_corr,anova_3,cg14378039,,,0.0611445943290422,,,,,,,,tgca,int_iqr_correlation
tgca_iqr_corr,anova_3,cg18823499,,,0.0639169592099453,,,,,,,,tgca,int_iqr_correlation
tgca_iqr_corr,anova_3,cg14209346,,,0.0673356316336352,,,,,,,,tgca,int_iqr_correlation
tgca_iqr_corr,anova_3,cg17163729,,,0.0690486051857214,,,,,,,,tgca,int_iqr_correlation
tgca_iqr_corr,anova_3,cg06552160,,,0.0695113700273911,,,,,,,,tgca,int_iqr_correlation
tgca_iqr_corr,anova_3,cg21069434,,,0.0706842862728106,,,,,,,,tgca,int_iqr_correlation
tgca_iqr_corr,rf_impute_4a,cg21991633,,,,0.3494920084025061,,,,,,,tgca,int_iqr_correlation
tgca_iqr_corr,rf_impute_4a,cg03985452,,,,0.028413132878952,,,,,,,tgca,int_iqr_correlation
tgca_iqr_corr,rf_impute_4a,cg26283496,,,,0.0183708361816998,,,,,,,tgca,int_iqr_correlation
tgca_iqr_corr,rf_impute_4a,cg00648274,,,,0.0119524190322751,,,,,,,tgca,int_iqr_correlation
tgca_iqr_corr,rf_impute_4a,cg06712088,,,,0.0116040612732975,,,,,,,tgca,int_iqr_correlation
tgca_iqr_corr,rf_impute_4a,cg03983740,,,,0.0105332507765144,,,,,,,tgca,int_iqr_correlation
tgca_iqr_corr,rf_impute_4a,cg16664405,,,,0.0096987245943675,,,,,,,tgca,int_iqr_correlation
tgca_iqr_corr,rf_impute_4a,cg25812683,,,,0.0091151488712716,,,,,,,tgca,int_iqr_correlation
tgca_iqr_corr,rf_impute_4a,cg05419096,,,,0.0085681688123202,,,,,,,tgca,int_iqr_correlation
tgca_iqr_corr,rf_impute_4a,cg11199751,,,,0.0080195875109437,,,,,,,tgca,int_iqr_correlation
tgca_iqr_corr,rf_drop_4b,cg20191512,,,,,0.101758960452321,,,,,,tgca,int_iqr_correlation
tgca_iqr_corr,rf_drop_4b,cg04311653,,,,,0.0779394367464008,,,,,,tgca,int_iqr_correlation
tgca_iqr_corr,rf_drop_4b,cg14128411,,,,,0.0474151366980516,,,,,,tgca,int_iqr_correlation
tgca_iqr_corr,rf_drop_4b,cg03985452,,,,,0.0308138015203328,,,,,,tgca,int_iqr_correlation
tgca_iqr_corr,rf_drop_4b,cg27044861,,,,,0.0230169474211306,,,,,,tgca,int_iqr_correlation
tgca_iqr_corr,rf_drop_4b,cg06331531,,,,,0.0213771241845537,,,,,,tgca,int_iqr_correlation
tgca_iqr_corr,rf_drop_4b,cg21991633,,,,,0.0206542089602666,,,,,,tgca,int_iqr_correlation
tgca_iqr_corr,rf_drop_4b,cg00552087,,,,,0.0192602642188192,,,,,,tgca,int_iqr_correlation
tgca_iqr_corr,rf_drop_4b,cg07089660,,,,,0.0189635294121707,,,,,,tgca,int_iqr_correlation
tgca_iqr_corr,rf_drop_4b,cg13049247,,,,,0.0176585691580886,,,,,,tgca,int_iqr_correlation
tgca_iqr_corr,combined_6,cg21991633,0.077580633420528,,1.1199007707613292e-07,,,,,,,,tgca,int_iqr_correlation
tgca_iqr_corr,combined_6,cg00067742,0.0777011786986858,,6.534299960879057e-06,,,,,,,,tgca,int_iqr_correlation
tgca_iqr_corr,combined_6,cg19407717,0.0791198964984833,,7.724993538308204e-06,,,,,,,,tgca,int_iqr_correlation
tgca_iqr_corr,combined_6,cg17756105,0.0710446724290208,,1.299660644472297e-05,,,,,,,,tgca,int_iqr_correlation
tgca_iqr_corr,combined_6,cg26606257,0.0695360337623817,,1.3165799041277089e-05,,,,,,,,tgca,int_iqr_correlation
tgca_iqr_corr,combined_6,cg12655921,0.0689313733391723,,1.541978026053713e-05,,,,,,,,tgca,int_iqr_correlation
tgca_iqr_corr,combined_6,cg09062961,0.0684827710985385,,1.9315329543874167e-05,,,,,,,,tgca,int_iqr_correlation
tgca_iqr_corr,combined_6,cg04311653,0.1029395518715297,,2.8637633781452646e-05,,,,,,,,tgca,int_iqr_correlation
tgca_iqr_corr,combined_6,cg13134763,0.0713460373982132,,8.278799950501425e-05,,,,,,,,tgca,int_iqr_correlation
tgca_iqr_corr,combined_6,cg22330924,0.0773576026468152,,8.494955815074512e-05,,,,,,,,tgca,int_iqr_correlation
tgca_iqr_corr,cluster_7,cg07215571,,,,,,,,,,0.0,tgca,int_iqr_correlation
tgca_iqr_corr,cluster_7,cg20649298,,,,,,,,,,1.0,tgca,int_iqr_correlation
tgca_iqr_corr,cluster_7,cg23251701,,,,,,,,,,2.0,tgca,int_iqr_correlation
tgca_iqr_corr,cluster_7,cg07877987,,,,,,,,,,3.0,tgca,int_iqr_correlation
tgca_iqr_corr,cluster_7,cg09926486,,,,,,,,,,4.0,tgca,int_iqr_correlation
tgca_iqr_corr,cluster_7,cg09062961,,,,,,,,,,5.0,tgca,int_iqr_correlation
tgca_iqr_corr,cluster_7,cg14935163,,,,,,,,,,6.0,tgca,int_iqr_correlation
tgca_iqr_corr,cluster_7,cg00491523,,,,,,,,,,7.0,tgca,int_iqr_correlation
tgca_iqr_corr,cluster_7,cg07083862,,,,,,,,,,8.0,tgca,int_iqr_correlation
tgca_iqr_corr,cluster_7,cg19942237,,,,,,,,,,9.0,tgca,int_iqr_correlation
tgca_iqr_corr,range_8,cg24096540,,,,,,0.9671794512092796,,,,,tgca,int_iqr_correlation
tgca_iqr_corr,range_8,cg04152326,,,,,,0.962436339371766,,,,,tgca,int_iqr_correlation
tgca_iqr_corr,range_8,cg23239637,,,,,,0.9618241743450594,,,,,tgca,int_iqr_correlation
tgca_iqr_corr,range_8,cg24838949,,,,,,0.9574859686123538,,,,,tgca,int_iqr_correlation
tgca_iqr_corr,range_8,cg20064139,,,,,,0.9574644154590752,,,,,tgca,int_iqr_correlation
tgca_iqr_corr,range_8,cg19407717,,,,,,0.9570809412661748,,,,,tgca,int_iqr_correlation
tgca_iqr_corr,range_8,cg13661012,,,,,,0.956538158490628,,,,,tgca,int_iqr_correlation
tgca_iqr_corr,range_8,cg26990023,,,,,,0.9559798412091572,,,,,tgca,int_iqr_correlation
tgca_iqr_corr,range_8,cg11785980,,,,,,0.9557552880335668,,,,,tgca,int_iqr_correlation
tgca_iqr_corr,range_8,cg19212949,,,,,,0.952923677275715,,,,,tgca,int_iqr_correlation
tgca_iqr_corr,threshold_9,cg12680131,,,,,,,0.4341846758349705,0.3320235756385069,,,tgca,int_iqr_correlation
tgca_iqr_corr,diffmeth_10,cg20596629,,,0.0508138562866851,,,,,,,,tgca,int_iqr_correlation
tgca_iqr_corr,diffmeth_10,cg23487759,,,0.0541432336843206,,,,,,,,tgca,int_iqr_correlation
tgca_iqr_corr,diffmeth_10,cg02666302,,,0.0585392666666452,,,,,,,,tgca,int_iqr_correlation
tgca_iqr_corr,diffmeth_10,cg23747675,,,0.0610071836843747,,,,,,,,tgca,int_iqr_correlation
tgca_iqr_corr,diffmeth_10,cg14378039,,,0.0611445943290424,,,,,,,,tgca,int_iqr_correlation
tgca_iqr_corr,diffmeth_10,cg18823499,,,0.0639169592099456,,,,,,,,tgca,int_iqr_correlation
tgca_iqr_corr,diffmeth_10,cg14209346,,,0.0673356316336354,,,,,,,,tgca,int_iqr_correlation
tgca_iqr_corr,diffmeth_10,cg17163729,,,0.0690486051857218,,,,,,,,tgca,int_iqr_correlation
tgca_iqr_corr,diffmeth_10,cg06552160,,,0.0695113700273914,,,,,,,,tgca,int_iqr_correlation
tgca_iqr_corr,diffmeth_10,cg21069434,,,0.070684286272811,,,,,,,,tgca,int_iqr_correlation
tgca_iqr_corr,aggregate_11,cg17924044,0.1206937205681534,0.394252356802846,0.2460539490047746,,,0.949058559550289,,,0.8022774421453276,,tgca,int_iqr_correlation
tgca_iqr_corr,aggregate_11,cg21991633,0.077580633420528,0.5738543842409654,0.0917481393630121,,,0.9132490825371868,,,0.8016734672638305,,tgca,int_iqr_correlation
tgca_iqr_corr,aggregate_11,cg24096120,0.0946424292605373,0.4027167345130426,0.0862109118763803,,,0.946561075679522,,,0.7927768258118363,,tgca,int_iqr_correlation
tgca_iqr_corr,aggregate_11,cg19212949,0.0922013560100031,0.4274773343225314,0.1610791177572065,,,0.952923677275715,,,0.7842136005186386,,tgca,int_iqr_correlation
tgca_iqr_corr,aggregate_11,cg04917275,0.11190234716165,0.4200466813782069,0.1613067761027068,,,0.8991242385579973,,,0.7739570744728548,,tgca,int_iqr_correlation
tgca_iqr_corr,aggregate_11,cg06552160,0.0658799792790076,0.5227910081147226,0.0695113700273911,,,0.9258997362112866,,,0.7722929023235953,,tgca,int_iqr_correlation
tgca_iqr_corr,aggregate_11,cg17163729,0.0843540190400922,0.4247538013936681,0.0690486051857214,,,0.9307395137564626,,,0.7718199574768083,,tgca,int_iqr_correlation
tgca_iqr_corr,aggregate_11,cg04311653,0.1029395518715297,0.3568624183090598,0.1911383265313923,,,0.9465978957054704,,,0.7617809651797899,,tgca,int_iqr_correlation
tgca_iqr_corr,aggregate_11,cg21711862,0.0841074918521327,0.3918221481524399,0.0940018170835627,,,0.9400526591838332,,,0.7584433260994452,,tgca,int_iqr_correlation
tgca_iqr_corr,aggregate_11,cg14128411,0.0813392467815159,0.4767042988780239,0.1283271660790732,,,0.9098315075839426,,,0.7540478730806255,,tgca,int_iqr_correlation
